code,predicted_pm2.5
0,4.8308377
1,5.1281595
2,5.347409
3,4.473991
4,5.2847176
5,5.3308096
6,5.2194176
7,5.265291
8,5.429033
9,4.9937196
10,5.1003504
11,4.7904234
12,3.0808158
13,3.6629229
14,3.4148958
15,3.165286
16,5.4398675
17,5.0728426
18,4.2983613
19,3.8344672
20,4.608237
21,4.7647214
22,4.869703
23,5.324471
24,4.868134
25,3.3227117
26,4.041159
27,3.9112377
28,2.502526
29,3.508894
30,2.5191302
31,3.7655945
32,3.8775923
33,4.0921273
34,3.8662333
35,4.691039
36,4.0792704
37,3.4925332
38,5.3254848
39,3.3711843
40,3.329308
41,3.4722242
42,3.2798715
43,4.1937294
44,3.2574825
45,3.3763661
46,3.2123942
47,2.6773233
48,3.9091787
49,4.4681444
50,4.5045195
51,4.764638
52,2.5050125
53,3.5044255
54,3.939249
55,3.4047508
56,2.4623418
57,3.9843898
58,4.225136
59,3.5050344
60,3.4759057
61,3.6353931
62,2.6403053
63,4.6426644
64,4.7412143
65,3.968541
66,5.1299505
67,5.3608723
68,4.7961116
69,5.33165
70,5.3481894
71,4.654626
72,3.229567
73,4.036593
74,5.4254045
75,3.6616445
76,5.041394
77,4.164971
78,4.064829
79,3.9340892
80,3.5879288
81,5.2366815
82,4.3300743
83,5.4544334
84,5.340811
85,5.186297
86,5.2620225
87,2.6464038
88,4.325069
89,4.5134406
90,4.1369185
91,5.312353
92,4.91341
93,4.3134646
94,3.5573788
95,4.294216
96,4.0559945
97,3.3749368
98,4.733458
99,3.5061255
100,4.596689
101,4.7088566
102,3.5088487
103,3.3101897
104,5.2853847
105,2.4770596
106,3.3751435
107,4.0402036
108,3.269082
109,4.66081
110,3.4791603
111,5.0114264
112,4.6357594
113,4.5640407
114,4.7060423
115,4.168801
116,3.4636075
117,4.903595
118,5.279787
119,3.872946
120,3.285695
121,4.760866
122,3.912383
123,4.770093
124,4.012919
125,4.05767
126,3.3133523
127,3.2929745
128,2.5809906
129,4.2276473
130,3.2018278
131,3.9509282
132,4.700895
133,3.9423492
134,3.3842952
135,3.5368466
136,5.096458
137,3.9603486
138,4.700387
139,3.1870942
140,5.4547253
141,5.179169
142,5.4365897
143,5.220204
144,3.192586
145,5.3598285
146,4.7856054
147,4.3267956
148,4.8939238
149,4.790833
150,4.9339066
151,4.5681186
152,5.1948414
153,5.0180492
154,5.4963264
155,5.475574
156,5.1794257
157,5.1104994
158,2.6001964
159,5.5871263
160,4.282893
161,5.3962455
162,4.7677464
163,4.710183
164,5.4563146
165,5.329286
166,4.8375983
167,4.646338
168,4.024702
169,3.2879324
170,3.542332
171,3.5090535
172,2.7152574
173,2.9822533
174,3.443357
175,5.345104
176,4.84704
177,2.6217113
178,3.995923
179,4.733414
180,5.04216
181,4.0117674
182,5.0105405
183,5.582035
184,2.824987
185,4.0566325
186,4.560203
187,4.482254
188,4.134164
189,4.0500803
190,4.176716
191,2.785428
192,3.994972
193,3.1742802
194,3.8814406
195,4.736524
196,3.3060875
197,4.6032357
198,4.0154333
199,3.186368
200,4.6770725
201,3.294569
202,3.5366745
203,4.5861006
204,3.7760544
205,3.9287057
206,5.462986
207,3.8485436
208,5.6151886
209,5.3082237
210,3.3148057
211,4.9299493
212,3.9414911
213,3.989386
214,5.513531
215,4.8973956
216,5.065697
217,5.525972
218,5.0862093
219,5.513884
220,4.931823
221,5.405921
222,5.5153933
223,5.0902514
224,5.5653343
225,4.7205176
226,2.3252301
227,3.0082185
228,5.9024625
229,5.414351
230,5.528238
231,4.777316
232,3.6066267
233,4.8465843
234,3.6306012
235,4.932643
236,3.8429904
237,4.7274213
238,4.963717
239,4.074734
240,3.0793886
241,3.0034723
242,4.7527366
243,3.6930676
244,2.9927804
245,4.114298
246,4.583166
247,3.4067912
248,3.3243148
249,5.505523
250,2.7129
251,5.3232465
252,3.4475765
253,4.3870053
254,5.400469
255,4.9158297
256,4.4265356
257,4.5395484
258,4.954811
259,3.1888707
260,3.3430247
261,3.9669693
262,4.0122175
263,4.0940075
264,3.8124127
265,3.9367888
266,3.3364527
267,2.7708426
268,3.2886002
269,4.245386
270,4.1216817
271,4.6665816
272,3.8924587
273,2.5695853
274,2.5434723
275,3.4124036
276,4.876581
277,5.067636
278,3.572178
279,4.297039
280,3.9737043
281,4.0491085
282,4.09787
283,4.4582505
284,3.107718
285,5.1145687
286,5.193485
287,5.4020114
288,5.602774
289,3.2867806
290,4.763492
291,5.2592144
292,5.073323
293,5.1660995
294,2.3334785
295,5.3251367
296,5.6188464
297,5.0972114
298,4.8160706
299,5.306873
300,5.562995
301,5.3237104
302,4.560305
303,5.2699323
304,4.1960144
305,5.682962
306,3.2087898
307,3.4193792
308,2.7644956
309,4.3160267
310,3.3605404
311,4.7825346
312,3.5930843
313,4.0544205
314,3.2577763
315,4.0494614
316,2.6023726
317,2.5700555
318,3.163239
319,4.356724
320,2.4047692
321,5.58345
322,4.8420568
323,5.416733
324,5.5062804
325,5.25271
326,5.3911805
327,4.4829283
328,3.7913747
329,2.4407585
330,4.016001
331,3.3319638
332,4.042068
333,3.767784
334,3.1912298
335,4.998697
336,5.3020964
337,4.726943
338,5.103164
339,5.026729
340,3.429006
341,5.0859404
342,3.7510507
343,5.0401015
344,4.0036354
345,2.9460864
346,3.650148
347,3.1806254
348,2.8435285
349,3.6072865
350,5.1123157
351,3.356512
352,4.100944
353,3.8987274
354,4.204655
355,5.427935
356,3.2386804
357,5.428955
358,5.467411
359,5.6071744
360,5.5261974
361,5.324277
362,5.749727
363,5.5822363
364,4.93178
365,5.5411224
366,5.5168138
367,3.5822387
368,3.9827363
369,5.2497497
370,3.3698494
371,5.4118876
372,4.278692
373,5.2034883
374,5.3466797
375,4.800518
376,4.2842326
377,4.293263
378,4.4502883
379,4.20654
380,4.2182713
381,3.1588235
382,4.075129
383,3.326404
384,3.9847412
385,4.65424
386,3.9395602
387,3.7316442
388,1.9213798
389,3.2999463
390,5.3605666
391,5.3618836
392,5.4220676
393,5.760685
394,5.4986496
395,5.6971235
396,5.393205
397,3.5969298
398,4.4261055
399,5.2355156
400,3.4107704
401,4.958248
402,4.110694
403,4.204091
404,5.3354263
405,5.4213886
406,5.836299
407,4.0663705
408,5.3954716
409,5.3936644
410,4.1733136
411,4.701006
412,3.8403819
413,5.4698005
414,4.7487
415,3.6076941
416,4.013418
417,4.6769443
418,5.3207426
419,2.916175
420,3.1716566
421,5.3961782
422,3.5486054
423,4.332835
424,4.4021626
425,4.828276
426,5.2899833
427,5.3182907
428,5.4681115
429,5.5084662
430,5.536759
431,5.6877437
432,4.390825
433,5.542458
434,4.232904
435,5.3658786
436,4.169443
437,4.4789658
438,5.325189
439,5.3969502
440,3.8054128
441,5.3757534
442,2.797945
443,4.2968216
444,3.8284097
445,4.792225
446,3.615326
447,4.1366334
448,4.1192036
449,3.6348705
450,3.267249
451,4.728624
452,3.4626641
453,3.8692274
454,3.4442084
455,3.172902
456,3.3475008
457,3.9411607
458,3.270073
459,5.1095223
460,4.705228
461,3.9002461
462,5.482934
463,3.1723766
464,5.287465
465,5.515856
466,4.710019
467,4.4293175
468,5.1088314
469,3.3158433
470,4.1514897
471,4.1187305
472,3.3752818
473,3.2846003
474,5.318286
475,5.420305
476,4.9997916
477,5.513478
478,5.669416
479,3.8652565
480,5.3002934
481,3.4178214
482,3.5906029
483,5.5444202
484,5.162621
485,3.8464952
486,5.3440733
487,5.456662
488,3.006041
489,4.4677005
490,2.5822587
491,3.7272677
492,4.3132076
493,4.3582044
494,4.493094
495,3.9504461
496,5.3915977
497,5.6669083
498,5.64951
499,5.3834968
500,5.574792
501,4.7780857
502,5.1684575
503,5.353412
504,5.6379347
505,5.4986143
506,3.3463688
507,5.5417624
508,5.4389167
509,5.4360905
510,5.007541
511,5.4317827
512,3.9680095
513,5.593091
514,4.0330105
515,5.234118
516,2.7625582
517,4.843766
518,2.6202729
519,2.840682
520,3.9876935
521,2.637189
522,3.5343733
523,3.9324105
524,3.8035693
525,4.637745
526,2.9709868
527,4.092054
528,4.1289206
529,3.3751864
530,4.989256
531,5.3786583
532,5.493236
533,5.09427
534,4.638634
535,5.367677
536,5.243271
537,5.4798155
538,4.0138493
539,3.908793
540,3.2165368
541,2.8771982
542,3.2494166
543,2.9969845
544,5.4453216
545,5.4077067
546,5.322954
547,3.489551
548,5.4750175
549,5.461584
550,5.548423
551,4.1455517
552,3.5452638
553,5.496021
554,5.318785
555,4.096321
556,5.667688
557,5.2812963
558,4.5908623
559,4.70389
560,4.2067385
561,4.708376
562,2.4661689
563,3.984892
564,5.4012055
565,5.485501
566,5.358808
567,1.8915019
568,5.5244203
569,5.724408
570,4.8601823
571,4.6326504
572,5.368761
573,4.794071
574,5.098705
575,4.9827504
576,5.3727493
577,5.280276
578,5.404521
579,5.44561
580,5.0431666
581,5.6152606
582,5.6245465
583,5.3942924
584,5.3470044
585,5.534401
586,5.6820803
587,5.561193
588,4.110183
589,3.8450656
590,3.8639588
591,3.3321416
592,5.3580003
593,3.4168296
594,3.366884
595,3.8887978
596,3.9061475
597,4.000914
598,4.097164
599,4.61534
600,4.0334644
601,2.7948248
602,5.271957
603,2.528069
604,2.8043637
605,3.9682477
606,3.3318846
607,3.6877604
608,2.5947497
609,2.9089708
610,2.5456223
611,3.4589462
612,4.5282764
613,3.1922593
614,5.390916
615,5.428426
616,4.964131
617,5.556591
618,5.4563026
619,5.067406
620,5.3992443
621,5.8442264
622,5.4455523
623,5.2470083
624,5.517448
625,5.9035716
626,5.518707
627,4.047887
628,5.438561
629,5.4301295
630,4.102859
631,3.3320086
632,4.0218863
633,4.8899803
634,3.4397454
635,4.9163375
636,4.896353
637,5.3707967
638,5.4952855
639,4.889507
640,5.582984
641,5.6528463
642,4.5514994
643,5.38674
644,5.5284834
645,3.2971718
646,3.332271
647,3.931561
648,4.6722813
649,5.5792623
650,5.396262
651,5.3807445
652,4.8576455
653,5.765772
654,5.662102
655,5.4805603
656,5.0494895
657,5.026442
658,3.021119
659,3.9946337
660,2.9516993
661,4.714095
662,3.996915
663,3.2739275
664,3.2195346
665,2.757194
666,3.876439
667,3.4837642
668,2.9865541
669,3.2167182
670,3.2748206
671,2.9806013
672,3.55591
673,3.5926375
674,3.7198818
675,3.8765426
676,3.8608835
677,2.6170933
678,2.5911717
679,3.646206
680,3.1488929
681,3.6295097
682,3.26264
683,3.9219294
684,4.618983
685,4.0860634
686,5.5115757
687,5.661701
688,5.520195
689,2.6278381
690,4.5133867
691,5.4835114
692,3.3912196
693,3.1946974
694,3.8627865
695,5.3560514
696,5.604059
697,4.672621
698,2.9881241
699,4.5257893
700,3.019287
701,2.75503
702,4.3384495
703,4.083266
704,5.310271
705,5.356961
706,3.1679547
707,4.9391055
708,4.862249
709,5.9307632
710,4.8919945
711,4.374766
712,5.636325
713,5.0463777
714,5.247441
715,3.3088346
716,5.4213095
717,4.8598604
718,5.1732454
719,4.339033
720,4.6191626
721,4.4244156
722,5.735741
723,4.89494
724,4.1681094
725,5.184382
726,4.9225526
727,4.579044
728,3.2944005
729,3.9377303
730,4.0783596
731,3.2751887
732,5.3892927
733,4.136138
734,5.354489
735,4.155042
736,4.1185145
737,3.1391814
738,2.5636883
739,2.6975043
740,4.7123857
741,2.7223353
742,3.399685
743,4.588558
744,3.7558756
745,4.8129444
746,4.60156
747,4.458191
748,4.893508
749,2.3067296
750,4.0687494
751,3.2541437
752,2.918714
753,3.9114804
754,5.390547
755,5.205653
756,5.406796
757,5.38385
758,5.4823446
759,5.3875594
760,5.103761
761,5.3729124
762,3.4015195
763,3.2797782
764,5.5628877
765,5.8620625
766,5.360815
767,5.8338957
768,5.7642894
769,3.252778
770,3.3474998
771,4.58272
772,4.371918
773,4.595052
774,3.74794
775,4.705483
776,5.0288906
777,5.7626295
778,5.782606
779,5.302584
780,5.374659
781,3.5985935
782,5.4912944
783,5.481358
784,5.324054
785,5.361449
786,3.8881245
787,3.656271
788,5.404686
789,3.0280712
790,5.6776304
791,5.0973
792,5.5168405
793,5.2710686
794,5.1136093
795,4.1263027
796,4.6365347
797,4.610618
798,4.118468
799,4.688321
800,3.7450027
801,3.9816523
802,3.5541162
803,4.6868477
804,3.2821634
805,4.1890087
806,2.8836663
807,4.779593
808,2.5646992
809,3.9732807
810,3.1067114
811,5.3220153
812,4.843027
813,4.27427
814,4.4385667
815,2.873878
816,3.9051654
817,3.361888
818,3.9756756
819,4.52349
820,4.6954923
821,4.0321636
822,4.0041842
823,3.8778396
824,3.994774
825,4.0565867
826,5.254505
827,4.807897
828,4.0142207
829,4.0133185
830,4.555612
831,5.0242743
832,5.7239146
833,3.2412882
834,5.0776787
835,4.0574055
836,3.1582866
837,5.914963
838,5.2856765
839,4.0737104
840,3.933282
841,3.8746796
842,3.6614785
843,2.5974293
844,4.6990237
845,5.255179
846,3.768331
847,6.026514
848,5.203678
849,5.2900043
850,4.9797196
851,5.0533624
852,5.484412
853,4.680607
854,4.774333
855,2.8770442
856,3.130275
857,3.26296
858,1.8407245
859,3.5120564
860,3.294889
861,3.904915
862,2.6782353
863,3.4685485
864,4.261917
865,3.179031
866,4.058172
867,2.6586795
868,3.8422437
869,3.6434247
870,3.9993043
871,4.198514
872,2.1341867
873,3.3470469
874,5.238793
875,3.4642134
876,3.3341742
877,3.252985
878,3.2795796
879,4.0189295
880,3.4338472
881,2.5049431
882,4.698706
883,4.6011715
884,3.1682212
885,3.3841038
886,4.2660694
887,4.7050247
888,3.2088194
889,3.445713
890,3.1491308
891,4.576009
892,3.2002757
893,4.005858
894,3.1855118
895,3.370366
896,4.181142
897,2.2692647
898,3.3710275
899,3.2147794
900,4.230181
901,4.236007
902,5.3293757
903,3.4525561
904,4.153371
905,3.4943106
906,3.1686754
907,5.4419985
908,5.6306615
909,5.601196
910,4.1409864
911,3.243976
912,5.516258
913,5.405889
914,5.562469
915,5.3044467
916,5.3862996
917,5.4611797
918,5.558493
919,3.3687727
920,5.083506
921,5.214136
922,4.8039727
923,3.8331392
924,4.8961067
925,3.4599557
926,4.6904497
927,4.086864
928,2.855759
929,3.2694526
930,4.0032454
931,3.119372
932,3.256933
933,2.6699374
934,4.480138
935,2.6289682
936,3.240342
937,3.3619447
938,3.0968304
939,3.4261928
940,4.7783394
941,4.0410347
942,3.3296025
943,2.2953022
944,3.802254
945,3.2837923
946,3.426558
947,4.5168333
948,3.222415
949,5.409088
950,3.485702
951,2.5033183
952,3.3537147
953,3.6452315
954,4.027239
955,3.2736115
956,4.252203
957,1.8388938
958,3.9070058
959,2.9192443
960,4.648994
961,4.100832
962,4.0451775
963,4.0229077
964,4.755884
965,4.044754
966,3.3211184
967,3.9465117
968,5.313188
969,1.8308887
970,2.50076
971,4.038568
972,4.0830135
973,4.0242887
974,3.3660192
975,3.5769804
976,4.197351
977,3.3106318
978,4.6184025
979,5.5618258
980,3.7443798
981,4.4161696
982,4.931213
983,5.4045444
984,4.2157745
985,5.4772077
986,5.498146
987,5.738039
988,5.3525186
989,5.3760695
990,5.6006117
991,4.288156
992,4.340664
993,2.8443937
994,4.0068626
995,4.103782
996,2.7207465
997,3.9877698
998,4.052633
999,3.4909244
1000,3.2886012
1001,4.015039
1002,3.9281387
1003,3.9726357
1004,1.8893406
1005,2.5386653
1006,4.2777653
1007,4.6715345
1008,3.9257371
1009,3.4564714
1010,5.4008045
1011,4.842826
1012,4.1049185
1013,3.0525656
1014,5.345974
1015,3.1525204
1016,3.2092736
1017,3.4047134
1018,3.6374912
1019,3.316884
1020,3.208457
1021,3.2562487
1022,2.120049
1023,3.8178008
1024,2.5453298
1025,3.8343866
1026,4.6549044
1027,4.705279
1028,3.1897843
1029,4.6742516
1030,4.0856347
1031,2.9562163
1032,3.329706
1033,4.477606
1034,3.919271
1035,4.098816
1036,4.50659
1037,2.5199776
1038,3.3893352
1039,3.6875043
1040,4.686543
1041,2.7281637
1042,4.0298257
1043,4.592745
1044,5.3781576
1045,4.166587
1046,5.5884485
1047,3.549231
1048,5.1529326
1049,4.636066
1050,3.3026571
1051,3.4452698
1052,5.3174686
1053,4.9558253
1054,5.035527
1055,5.649435
1056,5.5898843
1057,5.3938293
1058,5.2810307
1059,4.7192783
1060,4.9474006
1061,4.403266
1062,3.8246636
1063,3.132599
1064,5.0241632
1065,4.821775
1066,5.1324697
1067,5.5228534
1068,3.4716346
1069,5.6129284
1070,3.877712
1071,2.065857
1072,5.277864
1073,4.7308974
1074,4.6684074
1075,4.609629
1076,3.2400365
1077,4.618093
1078,4.612644
1079,3.3787172
1080,3.3320475
1081,3.1906133
1082,3.9631636
1083,3.7272243
1084,4.005461
1085,4.1054826
1086,5.3126116
1087,4.135433
1088,3.9021811
1089,3.4974854
1090,3.966556
1091,4.6719093
1092,4.332164
1093,3.8062978
1094,3.9343007
1095,3.98391
1096,4.0275536
1097,5.214023
1098,3.2113109
1099,2.7200985
1100,4.597474
1101,3.9229846
1102,3.5449853
1103,2.5806007
1104,2.655034
1105,2.7645283
1106,4.130577
1107,4.679145
1108,4.0440826
1109,4.7008286
1110,4.6361036
1111,4.147429
1112,2.022722
1113,3.4444947
1114,5.2079577
1115,5.332194
1116,5.569327
1117,5.641864
1118,4.7746696
1119,5.32452
1120,3.1325655
1121,5.357427
1122,5.121577
1123,4.72011
1124,4.412238
1125,4.5984325
1126,4.2535567
1127,5.190844
1128,4.7099533
1129,4.011821
1130,4.0914974
1131,3.3483558
1132,3.341356
1133,5.4512553
1134,3.9481177
1135,5.768675
1136,4.933234
1137,5.2586493
1138,5.419278
1139,5.5272827
1140,4.538712
1141,5.772359
1142,4.000788
1143,3.2509449
1144,3.3195953
1145,3.6048472
1146,3.4059567
1147,3.0047941
1148,3.9323328
1149,4.4861393
1150,2.7611718
1151,4.0354695
1152,3.4811556
1153,3.3838902
1154,3.8370004
1155,3.4039109
1156,3.0604634
1157,4.6958475
1158,2.5232737
1159,2.5300684
1160,3.5128994
1161,5.3491864
1162,4.761977
1163,2.6134248
1164,3.4434428
1165,4.098469
1166,3.9279685
1167,4.015026
1168,2.996235
1169,3.7843885
1170,4.166019
1171,4.2344193
1172,3.3454373
1173,4.229065
1174,3.9847975
1175,3.1222484
1176,3.3300314
1177,3.526115
1178,3.3934393
1179,4.639039
1180,3.963441
1181,3.4561467
1182,3.8541665
1183,4.5459657
1184,5.831325
1185,4.5299277
1186,5.799785
1187,5.419985
1188,5.6016045
1189,6.004555
1190,2.8320704
1191,3.29514
1192,4.76442
1193,5.4004483
1194,5.5004716
1195,5.8497057
1196,5.470683
1197,2.6628587
1198,5.146797
1199,4.929076
1200,2.6717017
1201,4.6064396
1202,3.8192303
1203,5.3004627
1204,5.344259
1205,5.390569
1206,5.459415
1207,4.5082116
1208,5.510653
1209,5.2692785
1210,5.562515
1211,4.810349
1212,5.698734
1213,4.61138
1214,4.690023
1215,5.3510814
1216,3.230222
1217,3.9284225
1218,4.111704
1219,4.1215057
1220,2.04029
1221,4.8017864
1222,3.8626482
1223,3.9903035
1224,3.1788702
1225,4.6536937
1226,3.880724
1227,2.9495392
1228,4.6713586
1229,4.638236
1230,4.25608
1231,4.1021833
1232,4.0721817
1233,4.626202
1234,2.401478
1235,4.154903
1236,4.3080783
1237,3.410193
1238,3.5011048
1239,3.3482592
1240,3.9801254
1241,3.371924
1242,3.0388126
1243,4.6890182
1244,2.9696286
1245,3.9516914
1246,3.9603834
1247,5.412425
1248,3.1622305
1249,2.8725219
1250,4.14284
1251,5.3313994
1252,2.0539894
1253,3.6767497
1254,3.7501311
1255,3.8687644
1256,5.764888
1257,5.4948525
1258,5.5598216
1259,4.0673733
1260,3.544482
1261,5.3575363
1262,2.7503595
1263,3.6500597
1264,4.7642245
1265,5.5882506
1266,5.4221487
1267,5.1116495
1268,5.351898
1269,4.7543926
1270,4.9345803
1271,5.334352
1272,3.4484968
1273,5.542838
1274,5.3025413
1275,5.506834
1276,5.473381
1277,5.38834
1278,2.6976953
1279,5.395249
1280,5.900608
1281,4.9742475
1282,4.8382435
1283,4.2293468
1284,5.312382
1285,4.029606
1286,2.6087031
1287,3.3721745
1288,4.7721252
1289,4.504654
1290,3.4613528
1291,5.2219524
1292,3.2658296
1293,3.6352065
1294,4.049755
1295,3.242056
1296,2.8650599
1297,3.9035628
1298,3.619084
1299,4.0582237
1300,1.9591578
1301,4.780366
1302,3.3186731
1303,4.717542
1304,5.4065056
1305,3.345945
1306,3.7031164
1307,4.5756526
1308,2.9191036
1309,2.5357375
1310,2.602065
1311,2.555706
1312,3.8454237
1313,3.4534645
1314,4.4270554
1315,3.9987564
1316,4.310129
1317,4.935923
1318,2.534069
1319,3.948645
1320,3.1353457
1321,5.2756486
1322,4.0431757
1323,5.4102535
1324,5.406958
1325,2.9757414
1326,5.816747
1327,5.4641237
1328,5.884818
1329,6.3522577
1330,3.9773443
1331,5.0148997
1332,4.7345457
1333,5.4709425
1334,5.1190987
1335,4.6445622
1336,5.692394
1337,5.4987373
1338,5.301701
1339,4.279417
1340,2.5899818
1341,5.237929
1342,5.026787
1343,5.073669
1344,5.352239
1345,5.3967843
1346,4.2659235
1347,4.6631384
1348,5.4807177
1349,5.0283933
1350,5.6295943
1351,4.1944513
1352,4.3860273
1353,3.2779071
1354,3.7516768
1355,4.442457
1356,4.8085155
1357,4.522302
1358,4.013518
1359,5.5379124
1360,3.2231402
1361,3.4234662
1362,3.8275638
1363,4.809216
1364,3.1949937
1365,4.120397
1366,4.2615104
1367,4.051007
1368,3.2414377
1369,3.6849465
1370,2.0381277
1371,3.939742
1372,5.522126
1373,5.552133
1374,3.8155386
1375,5.2941875
1376,4.0582337
1377,3.6255655
1378,2.7789578
1379,4.0523033
1380,3.2184086
1381,3.8091626
1382,3.2162292
1383,4.7181225
1384,3.4605312
1385,4.1718225
1386,4.640558
1387,2.7179422
1388,4.408761
1389,2.8776553
1390,4.783872
1391,3.851296
1392,4.723868
1393,3.0035424
1394,5.1282935
1395,5.579405
1396,5.4334774
1397,4.5271616
1398,4.3014283
1399,5.4309993
1400,4.1443815
1401,3.608867
1402,5.3828597
1403,4.105851
1404,5.333449
1405,4.6310053
1406,4.3909
1407,5.340472
1408,4.706458
1409,5.559441
1410,4.9631205
1411,5.4422274
1412,5.044904
1413,3.323228
1414,5.0471187
1415,3.5910826
1416,4.1243773
1417,2.157219
1418,5.0382996
1419,4.974861
1420,5.5116096
1421,3.8079712
1422,4.042353
1423,3.4051924
1424,3.4539895
1425,4.116746
1426,3.970504
1427,4.069964
1428,3.1359577
1429,2.9091554
1430,3.912176
1431,3.220293
1432,4.0207963
1433,4.523138
1434,3.3654964
1435,4.4659038
1436,3.0767379
1437,4.546775
1438,3.7842212
1439,4.1491218
1440,3.421462
1441,4.7042894
1442,4.075589
1443,4.8447785
1444,3.3360777
1445,4.0369177
1446,4.5458813
1447,3.8541238
1448,3.4676511
1449,3.8313184
1450,4.797706
1451,2.7765522
1452,4.700021
1453,3.3053176
1454,4.7411776
1455,4.652382
1456,3.2279909
1457,3.3356862
1458,3.957851
1459,3.97374
1460,3.6917932
1461,4.07132
1462,4.210101
1463,3.7151017
1464,5.212874
1465,5.4077735
1466,3.4705052
1467,5.8146496
1468,3.9596593
1469,3.0452156
1470,3.2952094
1471,5.154392
1472,4.7994957
1473,5.561244
1474,2.8267698
1475,5.124084
1476,5.3428736
1477,5.369681
1478,3.670337
1479,5.485503
1480,4.8772607
1481,5.4515405
1482,4.6920004
1483,4.1220303
1484,4.027172
1485,3.814414
1486,3.9448981
1487,4.0268774
1488,3.6853328
1489,3.5224447
1490,3.2493222
1491,4.006182
1492,3.888147
1493,4.7362456
1494,3.5687964
1495,3.9496012
1496,3.3220165
1497,4.471082
1498,3.47188
1499,2.8072257
1500,3.9931834
1501,5.367081
1502,3.2924497
1503,4.1812267
1504,4.2337337
1505,4.161845
1506,3.1612115
1507,3.6291754
1508,3.2925475
1509,3.3056622
1510,3.881472
1511,3.4472415
1512,4.0003643
1513,5.435586
1514,5.386738
1515,3.0414684
1516,2.9708452
1517,2.6633797
1518,3.375687
1519,3.272135
1520,3.5253716
1521,3.8496828
1522,3.823725
1523,3.9726894
1524,1.8216016
1525,4.5348153
1526,4.0199347
1527,4.1216536
1528,3.905089
1529,4.624655
1530,4.545987
1531,4.4955873
1532,3.2557096
1533,3.8827395
1534,3.9329789
1535,5.4973783
1536,4.28465
1537,4.585992
1538,2.9312694
1539,6.1199007
1540,5.58852
1541,5.446334
1542,3.673009
1543,3.4448013
1544,4.441171
1545,2.634182
1546,3.146421
1547,5.3493176
1548,5.417431
1549,4.8571796
1550,3.7472405
1551,4.2436094
1552,2.7268724
1553,3.1863542
1554,3.163737
1555,4.607443
1556,4.050575
1557,4.043423
1558,4.580411
1559,3.1883972
1560,2.9682734
1561,3.627812
1562,4.7941637
1563,3.5525258
1564,5.388149
1565,3.7332888
1566,4.089374
1567,2.5893214
1568,3.4407856
1569,3.3314118
1570,4.113942
1571,3.895295
1572,2.997849
1573,3.9158309
1574,2.5950112
1575,4.5244613
1576,3.8734977
1577,3.3144922
1578,4.601343
1579,5.5135226
1580,5.308637
1581,5.795559
1582,4.676368
1583,3.939688
1584,3.4559288
1585,3.501187
1586,4.1118197
1587,3.1910996
1588,4.6870356
1589,3.263361
1590,2.9135933
1591,3.2538483
1592,4.1920037
1593,3.9410477
1594,2.2656984
1595,2.7715473
1596,3.9374642
1597,3.1330929
1598,3.5582652
1599,5.658834
1600,5.42151
1601,3.2204244
1602,4.0141425
1603,5.560762
1604,5.3881364
1605,4.0916076
1606,4.8278503
1607,3.5205643
1608,2.5855758
1609,4.5386734
1610,5.421842
1611,4.9282374
1612,4.660356
1613,4.305761
1614,2.9237764
1615,4.0339203
1616,2.6929145
1617,4.103724
1618,4.578978
1619,2.9071465
1620,4.0723314
1621,3.1735668
1622,4.71389
1623,3.0934305
1624,2.6715317
1625,4.795707
1626,3.704954
1627,4.0507555
1628,4.0985155
1629,4.495258
1630,3.9946778
1631,3.4433582
1632,5.388858
1633,4.8850403
1634,4.5649185
1635,4.5818386
1636,3.2920487
1637,3.2544305
1638,2.8231702
1639,3.4989572
1640,4.0317807
1641,3.1943333
1642,3.3395042
1643,3.005598
1644,3.4358716
1645,3.2230506
1646,2.8954859
1647,3.2716913
1648,2.5633638
1649,4.1867514
1650,4.726344
1651,5.61515
1652,6.135978
1653,5.5452986
1654,3.8052835
1655,3.8867946
1656,3.826427
1657,3.502159
1658,3.9277744
1659,3.3991094
1660,4.0022335
1661,2.5172577
1662,4.094842
1663,2.5285375
1664,4.0783234
1665,4.2531037
1666,3.440423
1667,4.089572
1668,5.5982018
1669,5.7157927
1670,5.8695793
1671,4.6327124
1672,5.9221754
1673,4.998589
1674,2.8660152
1675,3.5859547
1676,4.029929
1677,3.3302364
1678,4.191203
1679,5.75602
1680,5.397969
1681,5.5754013
1682,4.5442915
1683,5.177056
1684,5.414524
1685,3.9366522
1686,4.1884694
1687,3.9829707
1688,4.0847015
1689,4.041176
1690,5.256098
1691,5.419384
1692,3.6009378
1693,5.0470567
1694,5.3804307
1695,5.4062424
1696,5.2636
1697,4.2383738
1698,4.869568
1699,4.962172
1700,2.870263
1701,2.9932938
1702,1.9185194
1703,2.6414027
1704,3.1221168
1705,3.4063194
1706,3.278316
1707,2.2216253
1708,3.496496
1709,4.1176596
1710,3.460634
1711,3.8899658
1712,5.337807
1713,3.5673583
1714,2.6052787
1715,3.9929366
1716,2.9565017
1717,2.9077926
1718,4.417236
1719,4.2200346
1720,3.482296
1721,3.8833275
1722,3.315074
1723,3.3738165
1724,3.948782
1725,3.5209966
1726,2.4237626
1727,4.088137
1728,4.518964
1729,5.3002343
1730,3.0648286
1731,3.2539828
1732,3.4174523
1733,3.8664422
1734,4.6062136
1735,3.4155111
1736,3.1943526
1737,4.8909683
1738,2.8308587
1739,2.4741316
1740,3.934011
1741,4.514836
1742,5.935269
1743,3.958363
1744,5.502399
1745,2.5473003
1746,4.369264
1747,5.575123
1748,5.534646
1749,5.5540013
1750,5.632572
1751,5.885838
1752,5.6476274
1753,5.509103
1754,5.4833994
1755,4.031171
1756,2.8025527
1757,4.182146
1758,4.00479
1759,3.4718037
1760,3.1786177
1761,5.4796734
1762,5.359993
1763,5.617407
1764,5.616085
1765,5.368661
1766,5.503895
1767,5.502653
1768,5.4867196
1769,2.0924978
1770,3.673387
1771,2.713335
1772,4.1371245
1773,4.1536455
1774,3.1408942
1775,3.3786738
1776,3.343358
1777,3.9794357
1778,2.5524755
1779,3.2119436
1780,4.7329073
1781,4.7473793
1782,3.475603
1783,4.046401
1784,4.628733
1785,2.6425796
1786,3.6264498
1787,4.6661196
1788,4.1515207
1789,5.5830016
1790,2.6057475
1791,4.292396
1792,5.47567
1793,3.928487
1794,2.4788818
1795,3.2201447
1796,3.9382358
1797,3.2545931
1798,4.175513
1799,4.185861
1800,3.7066877
1801,3.6216745
1802,3.5812802
1803,3.9327617
1804,4.640463
1805,2.8825638
1806,3.8781319
1807,2.5880222
1808,3.3637502
1809,2.1518402
1810,4.7493205
1811,5.2811637
1812,5.4352574
1813,6.0424047
1814,5.519137
1815,5.466463
1816,4.228489
1817,3.7281349
1818,6.4398856
1819,5.532219
1820,3.7537377
1821,5.435541
1822,5.846771
1823,5.327676
1824,5.3860674
1825,3.3319108
1826,4.124761
1827,4.8078775
1828,3.4358559
1829,3.2383106
1830,5.1511116
1831,5.587942
1832,5.6567745
1833,5.6902313
1834,5.556653
1835,5.4052205
1836,5.2596817
1837,5.5297027
1838,3.926192
1839,5.0704107
1840,3.3419092
1841,3.540432
1842,2.7302105
1843,4.708827
1844,4.075932
1845,4.8833895
1846,3.405777
1847,3.2965071
1848,4.6538334
1849,4.293194
1850,4.918368
1851,3.33094
1852,4.74426
1853,3.40128
1854,3.3827143
1855,3.2776666
1856,4.5738306
1857,2.993347
1858,3.747325
1859,5.3824124
1860,4.0752625
1861,2.8928242
1862,5.328388
1863,5.3230214
1864,5.3450665
1865,3.3190336
1866,5.2111325
1867,3.370441
1868,3.9611757
1869,3.2967086
1870,3.8817987
1871,4.6200337
1872,4.323882
1873,2.6311712
1874,3.3594687
1875,4.1924906
1876,2.845623
1877,4.053856
1878,3.8807585
1879,3.3452525
1880,4.062437
1881,3.2592692
1882,4.4694667
1883,5.5878153
1884,4.159587
1885,5.9861164
1886,3.708897
1887,3.4830267
1888,2.706933
1889,4.056263
1890,4.7233896
1891,5.200535
1892,5.4060674
1893,5.193128
1894,4.283469
1895,3.9830196
1896,5.1278563
1897,5.471535
1898,5.495175
1899,5.3515606
1900,5.5793633
1901,5.3212113
1902,5.5303874
1903,5.468695
1904,4.5614753
1905,4.139291
1906,5.475312
1907,5.3562374
1908,3.9643917
1909,5.305648
1910,4.743821
1911,3.3547513
1912,3.8920922
1913,3.1997142
1914,4.025386
1915,4.0836678
1916,3.3218625
1917,4.9652505
1918,3.5035787
1919,4.611504
1920,3.679336
1921,3.5648289
1922,3.7101614
1923,3.9343154
1924,5.4295554
1925,3.306199
1926,3.2456331
1927,4.60427
1928,3.9896345
1929,3.2540927
1930,3.7111454
1931,4.0030704
1932,3.3608556
1933,4.0304737
1934,4.0649767
1935,2.699422
1936,3.879671
1937,3.2193177
1938,2.7707617
1939,3.353603
1940,4.046835
1941,3.4224994
1942,5.3311987
1943,5.2932158
1944,3.4529896
1945,4.03325
1946,2.9652705
1947,3.2188067
1948,3.8462343
1949,3.1744528
1950,4.758252
1951,3.891035
1952,1.905793
1953,3.5312967
1954,2.931951
1955,5.3633146
1956,4.2030706
1957,2.9086237
1958,5.661302
1959,5.520149
1960,4.1306543
1961,5.435504
1962,5.204074
1963,3.895032
1964,4.865109
1965,5.015736
1966,4.7823753
1967,5.3010693
1968,4.985626
1969,5.2368093
1970,5.349491
1971,5.290793
1972,5.273613
1973,5.4689894
1974,4.1103907
1975,3.3720036
1976,4.425811
1977,4.1818085
1978,5.342758
1979,5.1514573
1980,4.2190475
1981,1.9038622
1982,2.747138
1983,2.8242714
1984,4.063759
1985,2.7908764
1986,3.8094716
1987,2.613163
1988,3.2888272
1989,4.5608654
1990,3.2412367
1991,3.3561342
1992,3.1527364
1993,3.7893777
1994,4.0831
1995,4.8846474
1996,2.602695
1997,3.5377793
1998,3.6680598
1999,2.5667717
2000,3.7963138
2001,3.566101
2002,2.5463278
2003,2.5553617
2004,4.6546097
2005,4.031475
2006,4.024984
2007,2.5490103
2008,4.597099
2009,5.430988
2010,3.228534
2011,3.714403
2012,4.0009165
2013,4.7259417
2014,4.8206615
2015,3.3387456
2016,4.237283
2017,3.3838787
2018,5.3471556
2019,2.5038693
2020,4.6580133
2021,3.9602551
2022,4.2293935
2023,4.425916
2024,2.5626278
2025,5.2344904
2026,5.653022
2027,4.820707
2028,4.464058
2029,4.389999
2030,3.579269
2031,4.9537005
2032,3.6729674
2033,5.3351784
2034,5.5022793
2035,3.295725
2036,4.6697636
2037,5.284164
2038,5.553102
2039,4.403418
2040,5.36645
2041,5.4409804
2042,5.8422446
2043,5.446707
2044,5.292548
2045,4.1999617
2046,5.278535
2047,2.9192278
2048,4.050435
2049,5.2513943
2050,4.9284687
2051,2.949664
2052,3.7529035
2053,3.2481344
2054,3.396735
2055,3.487634
2056,3.7782576
2057,4.624589
2058,5.4621973
2059,5.4168267
2060,5.4123373
2061,5.314712
2062,5.4938245
2063,5.4851556
2064,5.6730304
2065,4.6156826
2066,3.0290518
2067,4.73047
2068,2.017706
2069,4.054469
2070,4.0278735
2071,3.4572453
2072,3.9493492
2073,4.8403387
2074,3.5820456
2075,2.9098046
2076,4.0162826
2077,4.2387457
2078,3.6022398
2079,5.42539
2080,5.5072246
2081,5.65442
2082,5.50158
2083,5.6528196
2084,5.572023
2085,5.5141454
2086,5.129112
2087,4.830118
2088,5.4277744
2089,3.158475
2090,4.050342
2091,4.916983
2092,3.9719374
2093,4.3065615
2094,3.2863126
2095,2.879443
2096,4.1565785
2097,5.430048
2098,5.9575415
2099,4.3780026
2100,4.860789
2101,3.987111
2102,5.3585343
2103,5.5155983
2104,3.7395034
2105,5.4749537
2106,5.55385
2107,5.446178
2108,5.366032
2109,5.364276
2110,5.6342554
2111,5.4041066
2112,5.445541
2113,5.4565225
2114,5.4110074
2115,5.471558
2116,3.9896455
2117,4.9988775
2118,4.137326
2119,5.4015017
2120,3.762936
2121,2.522127
2122,3.0996635
2123,4.185577
2124,4.0367947
2125,4.619067
2126,4.053944
2127,4.6633763
2128,3.233377
2129,4.903599
2130,5.3232203
2131,5.389978
2132,5.563929
2133,5.082405
2134,5.3646727
2135,5.34578
2136,3.6794136
2137,5.3078995
2138,3.4952419
2139,3.8825984
2140,3.0174289
2141,5.3623524
2142,4.650719
2143,3.5208242
2144,3.514251
2145,3.539895
2146,3.8642697
2147,3.9582791
2148,3.7153301
2149,5.3674517
2150,5.3238463
2151,5.681648
2152,5.4356837
2153,5.7930784
2154,5.84104
2155,4.9958935
2156,5.4176006
2157,5.6756325
2158,5.5868874
2159,4.0399914
2160,3.989725
2161,4.0205445
2162,3.5748606
2163,4.0610023
2164,3.8623886
2165,5.6649456
2166,5.3986473
2167,5.884392
2168,4.794139
2169,3.6901727
2170,4.097595
2171,5.4232407
2172,5.0849614
2173,3.7134676
2174,3.2540154
2175,5.291548
2176,5.33735
2177,5.681613
2178,5.6659513
2179,5.538214
2180,5.5297604
2181,5.075496
2182,5.302979
2183,5.435366
2184,5.5949707
2185,4.906067
2186,4.4943466
2187,5.324676
2188,4.3964257
2189,3.5790646
2190,4.372531
2191,4.029308
2192,2.770949
2193,4.5482397
2194,3.545361
2195,3.1793203
2196,3.5945277
2197,4.599306
2198,5.2815347
2199,4.899918
2200,5.884734
2201,5.3411207
2202,5.764758
2203,5.3884306
2204,5.3650746
2205,5.1344686
2206,5.4080167
2207,5.4278693
2208,3.5355945
2209,4.0029078
2210,3.896545
2211,2.9180446
2212,3.1676106
2213,4.604517
2214,4.6852446
2215,3.1803665
2216,4.07356
2217,3.3452704
2218,2.5592046
2219,5.639303
2220,5.3409057
2221,5.596306
2222,5.369356
2223,5.6407533
2224,5.8420362
2225,5.6804695
2226,5.3064065
2227,5.543919
2228,5.575085
2229,4.928608
2230,4.19666
2231,4.7315116
2232,4.0316353
2233,3.9402423
2234,2.6435528
2235,5.9184203
2236,3.2825255
2237,4.0632076
2238,4.46353
2239,4.132344
2240,5.541447
2241,3.6749575
2242,5.4443765
2243,3.963615
2244,4.085183
2245,2.505402
2246,5.1677866
2247,4.7813106
2248,4.835177
2249,5.0460773
2250,5.4535933
2251,5.607498
2252,5.497629
2253,5.1999373
2254,5.357619
2255,5.5033584
2256,2.6038432
2257,5.3834906
2258,4.5354676
2259,5.3983703
2260,3.8655987
2261,3.009391
2262,4.3233643
2263,4.291693
2264,3.323728
2265,4.51928
2266,3.772892
2267,4.0625863
2268,5.3504763
2269,5.2740226
2270,4.5660353
2271,5.3286996
2272,5.519885
2273,5.7220416
2274,5.7809076
2275,5.5432663
2276,5.3006372
2277,4.1594567
2278,3.17323
2279,1.9169061
2280,3.084276
2281,2.9038143
2282,3.746585
2283,2.8907316
2284,3.2097878
2285,2.6662211
2286,3.6210666
2287,4.455596
2288,3.1947756
2289,5.437204
2290,5.653105
2291,6.1668644
2292,5.407685
2293,5.3994823
2294,5.184617
2295,5.571128
2296,5.409314
2297,5.5247035
2298,5.6535563
2299,3.3719964
2300,3.5397146
2301,3.421907
2302,4.6198077
2303,4.7619834
2304,4.032534
2305,5.3264832
2306,5.3899083
2307,3.8797247
2308,5.5014777
2309,3.8283882
2310,4.9365454
2311,2.2767
2312,5.38886
2313,4.1017485
2314,3.9009051
2315,5.5007777
2316,5.031633
2317,5.360767
2318,3.3002949
2319,4.8113117
2320,5.012409
2321,5.459517
2322,5.599796
2323,5.53914
2324,5.3072352
2325,4.2310743
2326,5.5233984
2327,5.4155617
2328,5.238378
2329,4.9252553
2330,2.5534508
2331,3.94951
2332,3.6193929
2333,3.4948971
2334,4.1029415
2335,4.216863
2336,4.1155086
2337,3.8771129
2338,5.2806683
2339,4.026916
2340,5.2427845
2341,5.762044
2342,5.825651
2343,5.50358
2344,4.591589
2345,5.2452955
2346,4.889841
2347,5.3582454
2348,3.6146154
2349,4.5479956
2350,3.2668872
2351,3.388493
2352,2.5519824
2353,3.7674396
2354,4.740956
2355,3.8796675
2356,5.2069535
2357,2.7968383
2358,3.933105
2359,5.4600215
2360,5.289686
2361,6.138584
2362,5.742745
2363,5.7129183
2364,5.70962
2365,5.883334
2366,5.589398
2367,5.470154
2368,5.3751693
2369,5.179963
2370,2.5453131
2371,4.0286293
2372,4.621477
2373,4.0518165
2374,3.981027
2375,4.889572
2376,4.8780413
2377,4.6134734
2378,3.6424959
2379,2.936648
2380,4.902352
2381,4.6012096
2382,4.490015
2383,4.0860085
2384,5.5302753
2385,4.5276337
2386,5.4093738
2387,4.9000435
2388,5.1266303
2389,4.561842
2390,2.56417
2391,4.24656
2392,5.2872677
2393,5.5977
2394,5.411093
2395,5.6075783
2396,5.592438
2397,5.3871026
2398,5.563637
2399,4.5249677
2400,4.719277
2401,4.8029914
2402,3.662993
2403,4.652541
2404,4.1291604
2405,4.552512
2406,3.2271516
2407,4.124341
2408,4.5718393
2409,4.356438
2410,3.2719269
2411,2.7352562
2412,5.574505
2413,5.5663853
2414,5.1819305
2415,5.2207017
2416,5.5622816
2417,5.4163256
2418,3.0486655
2419,3.2854974
2420,3.8575654
2421,4.7159767
2422,2.5803037
2423,4.692815
2424,4.1501055
2425,5.337749
2426,2.6365774
2427,4.316117
2428,3.9415855
2429,3.9703226
2430,5.570298
2431,5.538016
2432,5.593402
2433,5.4449897
2434,5.9951825
2435,5.5410314
2436,5.754216
2437,5.8435535
2438,5.7955494
2439,5.495223
2440,6.017204
2441,5.5335727
2442,5.575878
2443,2.425084
2444,6.0681195
2445,3.4442902
2446,3.814661
2447,3.6209764
2448,3.9496496
2449,3.2519264
2450,3.905198
2451,4.93333
2452,5.6315823
2453,3.9321957
2454,4.8314223
2455,5.398361
2456,5.064415
2457,5.3881025
2458,5.3843784
2459,3.4952016
2460,5.372328
2461,5.000205
2462,5.4884763
2463,5.7451057
2464,3.2842846
2465,5.539507
2466,5.57414
2467,5.5121465
2468,3.5992785
2469,5.3943954
2470,3.4754715
2471,4.049594
2472,3.5730534
2473,4.622941
2474,3.7435563
2475,4.8867955
2476,2.7505102
2477,3.8658173
2478,4.9245267
2479,5.0054255
2480,5.2385387
2481,5.4779353
2482,5.4719033
2483,3.294452
2484,5.565688
2485,5.4050074
2486,2.8368998
2487,5.589335
2488,3.982327
2489,3.7593088
2490,5.4960465
2491,4.486809
2492,4.541112
2493,3.9319422
2494,4.0415335
2495,4.549173
2496,4.769129
2497,3.8353186
2498,3.5747104
2499,4.6973667
2500,5.6987796
2501,5.6868978
2502,5.566753
2503,5.624
2504,5.2657714
2505,5.556843
2506,5.5641637
2507,5.781935
2508,5.2514176
2509,6.0241256
2510,5.47416
2511,6.1615367
2512,5.903987
2513,5.7172832
2514,5.6170874
2515,3.1131055
2516,4.8181176
2517,4.6261873
2518,3.8198826
2519,3.892231
2520,3.5361323
2521,4.232587
2522,3.6210518
2523,5.5489225
2524,4.1287165
2525,4.28465
2526,5.3951874
2527,4.565948
2528,5.033149
2529,4.1518874
2530,4.1268897
2531,5.416718
2532,4.548507
2533,5.021977
2534,5.622092
2535,2.819891
2536,5.638311
2537,3.3993201
2538,3.9947002
2539,5.2737007
2540,3.287139
2541,3.4068155
2542,3.5872176
2543,3.973657
2544,2.6803906
2545,3.8688307
2546,4.2151537
2547,3.7575488
2548,4.022759
2549,3.4226367
2550,4.0353603
2551,2.5606875
2552,3.8505301
2553,3.1700397
2554,4.0088243
2555,4.6209326
2556,3.9680047
2557,3.61056
2558,4.732085
2559,4.22717
2560,3.9078631
2561,5.2918577
2562,5.736697
2563,5.392754
2564,4.5264444
2565,5.552959
2566,3.2998445
2567,3.276787
2568,3.7264142
2569,2.4344246
2570,5.037577
2571,5.726093
2572,5.542807
2573,4.6131845
2574,5.7233677
2575,5.2907953
2576,5.54311
2577,5.5502853
2578,5.7494116
2579,4.8604345
2580,5.443459
2581,5.420096
2582,6.041494
2583,5.678034
2584,3.0025172
2585,4.6148877
2586,3.55066
2587,5.236875
2588,3.757531
2589,3.577358
2590,3.6752496
2591,5.268477
2592,3.074057
2593,5.5902367
2594,4.5960145
2595,4.034551
2596,5.418155
2597,5.4315133
2598,4.7275553
2599,3.194367
2600,4.7401257
2601,4.1501236
2602,2.0340214
2603,3.3541884
2604,4.3209057
2605,3.939886
2606,2.8015063
2607,2.976162
2608,4.6999784
2609,4.2735047
2610,3.5974455
2611,3.6393173
2612,4.7937264
2613,3.9908767
2614,4.0397396
2615,4.7393274
2616,4.1396055
2617,3.341485
2618,3.4099054
2619,2.535032
2620,3.188942
2621,2.6239934
2622,4.0616603
2623,2.6157994
2624,2.8176684
2625,4.499384
2626,4.053466
2627,3.3208244
2628,3.3468652
2629,3.918498
2630,3.3665214
2631,2.5902944
2632,3.4282248
2633,4.318558
2634,3.080229
2635,5.5847917
2636,3.1498637
2637,5.486738
2638,4.373831
2639,4.930041
2640,5.401189
2641,5.6932983
2642,5.3954306
2643,5.4185667
2644,3.8456388
2645,5.7204585
2646,5.7380466
2647,5.5843654
2648,5.6404786
2649,5.8251243
2650,5.671262
2651,5.701389
2652,5.0653872
2653,2.8178356
2654,5.392786
2655,5.677534
2656,3.4949477
2657,4.0147343
2658,4.5149426
2659,2.5110807
2660,3.1720097
2661,3.957056
2662,3.845649
2663,3.4909408
2664,5.1203265
2665,4.7250056
2666,5.5582604
2667,2.5733123
2668,5.251749
2669,3.4258485
2670,3.9192376
2671,3.6875937
2672,3.5703645
2673,3.2806587
2674,4.251486
2675,2.6363206
2676,3.8155017
2677,2.6708584
2678,2.8708358
2679,4.486491
2680,2.9701908
2681,2.5951357
2682,4.51868
2683,2.6336339
2684,3.8931234
2685,3.3347628
2686,3.2355306
2687,3.8661604
2688,4.7218003
2689,3.3219543
2690,4.143944
2691,3.997266
2692,3.3846962
2693,3.2969434
2694,3.2528849
2695,3.3028755
2696,4.0468616
2697,4.69648
2698,3.5785823
2699,3.961327
2700,2.6270273
2701,3.4833293
2702,4.0775146
2703,5.446936
2704,5.4177094
2705,5.7538934
2706,3.8430345
2707,5.4837646
2708,5.4402375
2709,5.6018405
2710,5.450964
2711,5.915357
2712,5.758021
2713,5.288493
2714,5.225161
2715,6.1204243
2716,5.9758205
2717,5.4822316
2718,6.088245
2719,3.1546414
2720,5.970184
2721,5.4018354
2722,5.394367
2723,3.462973
2724,4.6447134
2725,4.5810575
2726,4.6061373
2727,3.3383722
2728,4.060039
2729,3.1791751
2730,5.0423927
2731,4.683616
2732,5.3185673
2733,3.2536592
2734,3.3948128
2735,4.5275345
2736,5.4120708
2737,4.6944947
2738,3.9450362
2739,3.227121
2740,4.3656745
2741,2.9490466
2742,3.910263
2743,4.683198
2744,3.6904075
2745,4.871876
2746,3.3989365
2747,4.719692
2748,3.4305892
2749,4.4725647
2750,3.1342487
2751,3.8968334
2752,5.471436
2753,5.8550777
2754,4.8814936
2755,5.4918838
2756,5.4494486
2757,5.4534793
2758,5.505486
2759,3.981499
2760,4.7894783
2761,5.187219
2762,3.8047917
2763,3.9184723
2764,4.8049726
2765,2.6222048
2766,4.776664
2767,4.1874433
2768,3.3009198
2769,3.2595255
2770,3.2313786
2771,4.714815
2772,3.183609
2773,5.505899
2774,5.598373
2775,5.63921
2776,4.0687804
2777,5.673325
2778,5.62388
2779,2.9810407
2780,3.4919305
2781,5.435672
2782,6.12866
2783,5.8861446
2784,6.1071734
2785,6.3662553
2786,6.3670063
2787,5.9103045
2788,4.515309
2789,6.010735
2790,5.787693
2791,6.1702485
2792,3.9345796
2793,5.667796
2794,4.823251
2795,3.147552
2796,3.4521747
2797,4.6889195
2798,2.8294258
2799,4.297477
2800,5.4687214
2801,3.242156
2802,5.488549
2803,5.5156217
2804,4.1185017
2805,5.3061204
2806,5.5573792
2807,5.2215934
2808,2.9223413
2809,3.6949522
2810,3.4264357
2811,2.768856
2812,3.6993036
2813,5.356223
2814,5.41328
2815,3.920374
2816,3.910328
2817,4.002729
2818,4.5141096
2819,2.9818594
2820,4.7153625
2821,3.5671067
2822,5.792349
2823,5.436212
2824,5.047927
2825,5.4889965
2826,5.623594
2827,5.5222254
2828,5.678945
2829,5.4451575
2830,4.1332717
2831,5.414087
2832,4.1915746
2833,2.570056
2834,4.050479
2835,3.232057
2836,3.8369532
2837,3.9440708
2838,3.4734511
2839,2.6927147
2840,2.4905808
2841,5.2959886
2842,4.856627
2843,5.3275905
2844,3.7814367
2845,4.680387
2846,5.4682755
2847,4.422702
2848,5.5734735
2849,4.222322
2850,4.6092596
2851,5.462743
2852,5.8566647
2853,5.8869677
2854,6.099629
2855,5.732591
2856,5.775185
2857,5.992457
2858,5.772123
2859,6.5681624
2860,5.5340843
2861,6.198578
2862,5.619236
2863,5.0994706
2864,4.4488554
2865,3.965306
2866,3.8164096
2867,3.9399166
2868,4.5869308
2869,3.849307
2870,5.647026
2871,5.3158727
2872,5.3325806
2873,4.1330795
2874,2.548799
2875,3.305437
2876,3.6223738
2877,4.1400867
2878,3.9755213
2879,3.6694899
2880,3.1602247
2881,2.5840688
2882,3.9919379
2883,3.6826513
2884,4.6302376
2885,5.333254
2886,4.261698
2887,1.8208468
2888,4.677697
2889,3.5570343
2890,4.0026817
2891,3.1848931
2892,5.8781824
2893,5.631331
2894,5.437042
2895,6.1233935
2896,5.9293003
2897,5.8068714
2898,5.6671247
2899,5.7861094
2900,5.5659275
2901,5.4035435
2902,4.010841
2903,3.9205656
2904,4.63917
2905,2.5938568
2906,3.469418
2907,4.6410613
2908,4.614031
2909,3.9339786
2910,3.9699028
2911,5.41703
2912,5.443036
2913,5.52226
2914,5.540221
2915,3.8465405
2916,3.4801185
2917,5.627994
2918,3.1749449
2919,5.244078
2920,5.446823
2921,5.8420944
2922,5.8995676
2923,5.9084907
2924,5.7934904
2925,5.5962286
2926,5.9992056
2927,5.78797
2928,5.3591437
2929,5.6331024
2930,7.126004
2931,5.5879164
2932,5.7035275
2933,4.023363
2934,5.116866
2935,4.1705217
2936,4.2422366
2937,4.0568438
2938,3.5365815
2939,3.1485941
2940,5.277229
2941,3.864057
2942,4.2932153
2943,3.8126216
2944,5.648568
2945,4.408782
2946,5.3719387
2947,3.871986
2948,4.1315775
2949,3.397653
2950,3.9861808
2951,3.4761786
2952,4.7443547
2953,3.3175685
2954,5.269598
2955,3.420518
2956,3.566102
2957,4.041839
2958,4.0532246
2959,2.7062917
2960,3.970983
2961,3.8765655
2962,5.9315124
2963,5.5526476
2964,4.627661
2965,5.836067
2966,5.541043
2967,5.5994287
2968,5.491147
2969,4.55214
2970,5.4832535
2971,5.245451
2972,2.743106
2973,5.300163
2974,5.0541654
2975,3.847881
2976,5.249459
2977,4.71888
2978,4.8031497
2979,4.5185432
2980,4.057317
2981,5.326899
2982,5.4766912
2983,5.6514096
2984,3.2887738
2985,2.577346
2986,4.2070417
2987,3.282291
2988,5.6848116
2989,5.6620107
2990,5.364196
2991,5.7498083
2992,5.81595
2993,4.9333143
2994,5.960896
2995,4.9869633
2996,5.692584
2997,5.9180384
2998,6.155511
2999,5.8811293
3000,5.6172566
3001,5.611859
3002,5.080472
3003,5.238868
3004,5.5978284
3005,5.890835
3006,5.7486386
3007,5.704074
3008,5.700875
3009,5.486463
3010,5.413237
3011,3.922947
3012,2.5484042
3013,4.111611
3014,5.451428
3015,3.607409
3016,4.04109
3017,5.5760365
3018,5.3826003
3019,3.3869512
3020,4.144518
3021,3.998841
3022,2.982944
3023,3.5906715
3024,3.2231994
3025,3.8517094
3026,3.551673
3027,3.5297794
3028,3.2299757
3029,3.801375
3030,3.996908
3031,4.6347876
3032,5.387687
3033,2.6881976
3034,5.6712284
3035,5.712863
3036,5.775788
3037,5.560148
3038,5.605806
3039,6.0327535
3040,5.380319
3041,5.5465302
3042,5.5194182
3043,4.8172235
3044,3.1688967
3045,2.7198865
3046,3.2985249
3047,3.9449184
3048,4.3266096
3049,3.3491077
3050,3.6216297
3051,2.5899086
3052,5.443718
3053,3.976006
3054,3.1925776
3055,5.799545
3056,5.7392955
3057,5.445849
3058,2.8779573
3059,5.4537373
3060,6.5473065
3061,5.486821
3062,5.6449947
3063,6.755213
3064,5.715307
3065,3.7746084
3066,5.574704
3067,5.667019
3068,4.8885736
3069,5.547154
3070,5.70618
3071,5.6120396
3072,3.9536746
3073,5.487837
3074,5.381758
3075,5.377573
3076,5.6265416
3077,5.544483
3078,5.646833
3079,6.2076426
3080,5.490925
3081,5.481748
3082,5.7395554
3083,4.670123
3084,3.3060896
3085,4.8856716
3086,5.364008
3087,5.32634
3088,3.4579604
3089,5.270412
3090,4.0668354
3091,4.7142982
3092,3.946055
3093,3.8878121
3094,4.163521
3095,2.521701
3096,4.048384
3097,2.6545804
3098,3.9299164
3099,3.301052
3100,4.018084
3101,2.5460815
3102,4.778126
3103,4.9263053
3104,5.8164783
3105,5.945546
3106,5.502109
3107,5.310205
3108,5.0379457
3109,5.397876
3110,5.1336284
3111,5.493325
3112,3.7565956
3113,5.438277
3114,5.419816
3115,2.4518309
3116,3.6848836
3117,4.611785
3118,4.739004
3119,2.6199238
3120,2.971407
3121,4.0383
3122,4.1948514
3123,3.9806304
3124,5.3645153
3125,3.531283
3126,3.252577
3127,5.4172654
3128,4.9512734
3129,5.476424
3130,5.5059032
3131,6.4399757
3132,5.8737497
3133,5.811534
3134,5.6866827
3135,5.7115555
3136,5.7636633
3137,3.9837527
3138,5.282715
3139,3.0750418
3140,5.476633
3141,3.729383
3142,4.698632
3143,5.3850217
3144,5.9812536
3145,5.772798
3146,6.208244
3147,5.512275
3148,5.4474206
3149,5.943578
3150,5.3228292
3151,4.9311237
3152,4.630853
3153,5.5343313
3154,5.5436664
3155,5.6962466
3156,5.474217
3157,5.3669486
3158,4.8240743
3159,4.60581
3160,4.0047574
3161,4.1457744
3162,3.3601608
3163,2.5368552
3164,3.3968828
3165,2.4523
3166,3.1787045
3167,4.7817874
3168,3.214391
3169,5.3755646
3170,4.140309
3171,3.487794
3172,5.468685
3173,4.5952315
3174,5.131979
3175,3.9077406
3176,5.4577184
3177,5.5644836
3178,5.490463
3179,5.774107
3180,6.3293138
3181,5.7567234
3182,2.5277352
3183,5.437788
3184,3.2411237
3185,4.633246
3186,4.6508327
3187,3.2361717
3188,3.967705
3189,4.759887
3190,3.0196214
3191,4.7059793
3192,3.2684786
3193,4.5233226
3194,3.3259854
3195,2.8331451
3196,3.8769925
3197,5.3058295
3198,5.4932275
3199,5.410526
3200,5.692812
3201,5.918418
3202,5.8255744
3203,5.4532394
3204,5.434553
3205,5.573071
3206,5.5012445
3207,5.58433
3208,5.07475
3209,5.5258574
3210,2.980081
3211,6.0919175
3212,6.0207963
3213,4.711909
3214,5.4082475
3215,5.7776275
3216,5.747403
3217,6.3128376
3218,5.5865374
3219,6.0603967
3220,5.3182936
3221,5.392455
3222,5.3323274
3223,5.6890683
3224,5.3157587
3225,5.841519
3226,5.378538
3227,5.3868423
3228,5.3593936
3229,5.1974688
3230,2.5404472
3231,3.9993963
3232,2.6391985
3233,3.3249023
3234,3.5602684
3235,4.0651913
3236,3.3454008
3237,4.1543097
3238,5.5968657
3239,4.0639863
3240,5.37714
3241,3.1606233
3242,3.407262
3243,4.58335
3244,3.2101479
3245,4.038823
3246,3.9799314
3247,5.044579
3248,4.1255684
3249,4.7883244
3250,3.1744885
3251,5.691942
3252,5.465721
3253,3.4996674
3254,5.3822207
3255,5.480175
3256,3.4411542
3257,2.8216753
3258,3.987
3259,4.618552
3260,3.3609836
3261,2.5970817
3262,4.7791185
3263,4.6936655
3264,3.5654488
3265,5.3642874
3266,3.4251156
3267,4.741664
3268,5.3301616
3269,5.4436893
3270,5.5039043
3271,6.011842
3272,5.825322
3273,5.110604
3274,6.1816335
3275,5.801791
3276,5.9662466
3277,6.080567
3278,5.7108555
3279,5.283687
3280,6.122156
3281,5.5194826
3282,5.4361415
3283,6.0462294
3284,5.8394513
3285,6.320681
3286,5.74021
3287,5.9870687
3288,4.94299
3289,5.754479
3290,5.5941644
3291,5.5206327
3292,5.41362
3293,3.0568447
3294,5.4382105
3295,5.3024645
3296,5.4879656
3297,5.4924
3298,5.434699
3299,4.461537
3300,4.0004663
3301,4.6113653
3302,5.3920693
3303,4.0623446
3304,4.631778
3305,3.388976
3306,3.3315663
3307,3.3098788
3308,5.262577
3309,3.4734883
3310,4.191812
3311,3.3260036
3312,4.6739345
3313,4.183345
3314,2.5908954
3315,2.8646092
3316,4.1906524
3317,2.5928683
3318,4.1742268
3319,3.4546156
3320,3.955638
3321,4.055567
3322,5.4264903
3323,2.0056415
3324,5.3935146
3325,4.4557114
3326,4.0247555
3327,3.941584
3328,3.8056169
3329,3.9375014
3330,2.6352568
3331,4.7874985
3332,4.6119194
3333,4.4804425
3334,5.458866
3335,4.555238
3336,4.6570807
3337,5.504514
3338,2.349924
3339,3.9352927
3340,5.2180386
3341,5.168642
3342,3.3125162
3343,2.6596386
3344,5.408863
3345,5.301748
3346,5.379511
3347,4.993205
3348,6.248663
3349,3.7286065
3350,5.5747614
3351,6.0114717
3352,5.976115
3353,6.246315
3354,5.634889
3355,6.7161584
3356,5.5922933
3357,5.5820384
3358,5.863295
3359,5.6983685
3360,5.402155
3361,5.4390345
3362,4.3065157
3363,4.6516557
3364,5.3922048
3365,3.3217013
3366,3.5532923
3367,5.071602
3368,4.515877
3369,2.6689332
3370,4.008895
3371,2.4463487
3372,3.228188
3373,2.6157737
3374,1.9957981
3375,3.6443207
3376,5.4768343
3377,3.4227912
3378,5.4181275
3379,4.3695784
3380,5.049971
3381,2.6754518
3382,3.8758485
3383,2.4649014
3384,3.963912
3385,3.8436995
3386,3.468964
3387,4.70044
3388,3.241325
3389,3.2275562
3390,5.7189465
3391,3.1331096
3392,4.091778
3393,4.5783267
3394,4.7161903
3395,4.4708443
3396,4.6836214
3397,4.7407513
3398,3.9370747
3399,4.08241
3400,3.3285463
3401,4.8820305
3402,4.6710854
3403,4.952312
3404,4.5737143
3405,4.777748
3406,3.255264
3407,3.9022293
3408,4.5076966
3409,3.5205808
3410,3.2219217
3411,4.023244
3412,5.368745
3413,5.241395
3414,5.155796
3415,3.1925347
3416,5.50171
3417,5.5913777
3418,4.6189685
3419,5.9060564
3420,5.561908
3421,5.601868
3422,5.437264
3423,5.5748315
3424,4.668666
3425,5.7839203
3426,5.843959
3427,4.6092415
3428,5.4366894
3429,6.2603273
3430,4.1120925
3431,5.5191774
3432,4.0722857
3433,5.588076
3434,5.4904714
3435,3.6628606
3436,2.8405943
3437,2.9053657
3438,2.9489064
3439,4.7115
3440,3.4789813
3441,5.359577
3442,1.8090239
3443,4.6160364
3444,4.6562896
3445,3.506294
3446,4.0322843
3447,4.5531087
3448,3.153432
3449,4.8885813
3450,2.7285511
3451,4.1069775
3452,4.651229
3453,3.9369686
3454,4.6733623
3455,2.6754313
3456,3.1670043
3457,3.8482878
3458,4.2197037
3459,4.265846
3460,5.680753
3461,5.7539606
3462,5.7031913
3463,5.332744
3464,5.1528783
3465,4.5036354
3466,3.4092095
3467,4.2946763
3468,3.3550744
3469,3.3756204
3470,4.430992
3471,4.706555
3472,3.9675636
3473,4.0678396
3474,3.3305213
3475,4.2169495
3476,4.3141165
3477,3.4946146
3478,4.7390785
3479,5.3530626
3480,3.2905784
3481,4.714702
3482,2.0083976
3483,4.1637764
3484,3.0342546
3485,5.5314584
3486,5.4972897
3487,5.6245894
3488,5.4253426
3489,5.5169835
3490,5.567045
3491,5.64655
3492,6.1818314
3493,6.6038933
3494,6.031336
3495,5.9748163
3496,4.0942974
3497,5.587461
3498,5.627127
3499,6.006294
3500,5.6493464
3501,4.847067
3502,5.4288373
3503,5.4765153
3504,4.5556417
3505,4.058419
3506,3.329733
3507,2.8793712
3508,2.8444214
3509,3.2541637
3510,3.9145246
3511,4.4458833
3512,4.032521
3513,3.591001
3514,4.617026
3515,4.5570474
3516,3.7611427
3517,4.672015
3518,3.9650214
3519,2.617566
3520,2.2021508
3521,3.7744124
3522,4.004064
3523,3.5143428
3524,3.4690926
3525,3.523887
3526,4.0381145
3527,4.9739304
3528,4.797572
3529,5.484215
3530,4.388556
3531,5.609081
3532,3.0079129
3533,4.987485
3534,3.5887928
3535,3.5903177
3536,4.176738
3537,4.02712
3538,3.1832714
3539,4.0977373
3540,5.274238
3541,3.4306774
3542,3.5825646
3543,3.8324564
3544,2.9151545
3545,5.3370323
3546,5.3871417
3547,5.337137
3548,5.481479
3549,5.8144526
3550,5.6004214
3551,3.1408463
3552,3.8515754
3553,5.5395494
3554,5.613055
3555,6.080084
3556,4.126653
3557,5.546215
3558,5.6439466
3559,5.615881
3560,5.3275337
3561,6.498348
3562,5.219734
3563,5.4365954
3564,5.5633197
3565,5.665894
3566,5.6854935
3567,5.5192904
3568,6.33477
3569,5.7645288
3570,3.9578266
3571,5.864749
3572,5.257926
3573,5.5951376
3574,5.339604
3575,4.269252
3576,3.4588883
3577,4.0005336
3578,3.5078938
3579,4.042132
3580,3.5008636
3581,3.3262577
3582,3.2358952
3583,3.9256842
3584,3.843842
3585,3.944647
3586,3.7300134
3587,4.744244
3588,4.0882616
3589,4.1946473
3590,3.9959502
3591,3.3699203
3592,3.5696497
3593,2.5873427
3594,4.157943
3595,4.1776605
3596,4.5391717
3597,4.0717015
3598,3.8648314
3599,5.5316243
3600,4.544362
3601,4.3846254
3602,5.174794
3603,3.5730002
3604,4.0077806
3605,4.331084
3606,5.3381906
3607,4.0904164
3608,3.8344502
3609,4.02295
3610,3.9016705
3611,4.0049057
3612,3.9888442
3613,3.792491
3614,3.5043495
3615,5.478509
3616,5.4796104
3617,5.5653167
3618,5.535814
3619,5.558261
3620,5.7557397
3621,4.941108
3622,5.45755
3623,5.479066
3624,5.4783015
3625,5.4462695
3626,5.632507
3627,5.3484883
3628,5.3673024
3629,5.6759925
3630,5.6527066
3631,5.667126
3632,6.1388626
3633,6.090813
3634,5.731601
3635,5.3688755
3636,5.5609193
3637,5.4308023
3638,5.3890524
3639,5.9141173
3640,5.4624987
3641,5.5571194
3642,5.6865153
3643,5.4128904
3644,5.2195334
3645,4.623258
3646,3.9431756
3647,4.6210504
3648,4.0372744
3649,3.3702328
3650,3.5169344
3651,4.6897116
3652,3.4485211
3653,4.031499
3654,4.613982
3655,3.5641112
3656,3.9561577
3657,3.8773932
3658,3.865926
3659,4.057287
3660,4.634799
3661,5.152439
3662,4.418422
3663,5.366046
3664,5.4910464
3665,4.657625
3666,5.5422535
3667,5.5684543
3668,5.4341984
3669,5.4104753
3670,5.110198
3671,2.228198
3672,4.9369736
3673,5.487714
3674,4.8241005
3675,5.2958403
3676,3.158698
3677,5.384734
3678,5.5612974
3679,5.4675555
3680,3.9903414
3681,4.1029377
3682,3.3177822
3683,1.8379159
3684,3.2141132
3685,4.071965
3686,5.443959
3687,5.4990344
3688,5.9841294
3689,6.027851
3690,5.9771404
3691,5.819707
3692,5.62295
3693,5.5131774
3694,5.98165
3695,5.590207
3696,5.618703
3697,5.57281
3698,5.2939243
3699,5.423775
3700,5.952659
3701,5.9118176
3702,5.9202642
3703,5.455717
3704,6.5820217
3705,5.9838314
3706,5.297066
3707,5.698488
3708,5.6548963
3709,5.4532714
3710,4.0355754
3711,3.357883
3712,5.2487626
3713,3.899812
3714,2.4698305
3715,2.4678037
3716,4.569674
3717,3.9432373
3718,5.24352
3719,4.0626383
3720,4.773613
3721,2.5579238
3722,3.2858398
3723,3.3022196
3724,3.600886
3725,3.196371
3726,2.6694522
3727,2.7421327
3728,5.3458204
3729,2.1048684
3730,5.573036
3731,5.534696
3732,5.510131
3733,5.5422664
3734,5.32423
3735,4.677383
3736,5.224864
3737,5.298031
3738,5.3970776
3739,5.3364143
3740,5.3797646
3741,5.028274
3742,5.276546
3743,5.0068593
3744,3.7446654
3745,2.5758476
3746,5.3640957
3747,4.948966
3748,4.8927655
3749,5.0850105
3750,4.317779
3751,5.1938787
3752,5.2452064
3753,4.352109
3754,3.4061828
3755,3.9729414
3756,5.5071244
3757,5.5454354
3758,5.700368
3759,5.378866
3760,5.676813
3761,5.526082
3762,5.5151305
3763,6.2018404
3764,5.2176723
3765,5.550966
3766,5.7418756
3767,5.6571603
3768,5.6441407
3769,6.012229
3770,5.422185
3771,4.7648478
3772,5.9773917
3773,5.2888627
3774,6.2643104
3775,5.6849394
3776,6.000191
3777,5.7580867
3778,4.482554
3779,4.303359
3780,3.2732074
3781,2.6830833
3782,3.2672968
3783,5.377078
3784,4.7808433
3785,2.8874693
3786,4.61917
3787,4.878713
3788,3.2101831
3789,4.751039
3790,4.361398
3791,2.6695995
3792,3.5234644
3793,2.9069135
3794,4.1679997
3795,2.7978678
3796,5.1147394
3797,4.9565845
3798,5.469863
3799,5.276588
3800,5.4797606
3801,5.3674126
3802,5.4627104
3803,5.599586
3804,5.6024528
3805,5.6685376
3806,5.840364
3807,3.6582413
3808,5.164073
3809,5.4605513
3810,5.4066253
3811,5.5513816
3812,3.321238
3813,5.4961743
3814,5.510081
3815,5.6608133
3816,3.7308762
3817,5.2618074
3818,5.5395823
3819,5.451951
3820,3.961387
3821,5.4117026
3822,5.4636974
3823,3.5306633
3824,3.0554514
3825,5.4318194
3826,4.6550946
3827,5.8484154
3828,5.0716276
3829,5.905161
3830,5.3014293
3831,5.462732
3832,5.762688
3833,5.580975
3834,6.031003
3835,5.727451
3836,5.7512374
3837,5.597333
3838,5.3143415
3839,5.8681846
3840,5.6732674
3841,5.8644547
3842,5.3809056
3843,6.224764
3844,5.3618574
3845,5.766192
3846,3.302785
3847,5.482436
3848,3.9940393
3849,4.21654
3850,2.6726992
3851,2.698357
3852,3.2076397
3853,4.730923
3854,3.3623023
3855,3.2214038
3856,2.4130979
3857,3.0625055
3858,3.9304752
3859,3.110299
3860,4.6492686
3861,2.9079282
3862,3.9358585
3863,4.597133
3864,4.934149
3865,3.1349285
3866,3.6013317
3867,5.252186
3868,5.527871
3869,5.5835347
3870,5.4331217
3871,3.7146406
3872,5.666942
3873,5.400759
3874,4.551985
3875,5.752194
3876,5.3566036
3877,5.4910197
3878,5.770466
3879,5.4376254
3880,5.9259906
3881,3.6078382
3882,5.306556
3883,5.4354672
3884,2.7688203
3885,5.597201
3886,5.6481266
3887,5.6977687
3888,5.518238
3889,5.551345
3890,4.5551534
3891,4.709803
3892,5.4330606
3893,3.6811557
3894,4.4893413
3895,5.25464
3896,3.5728407
3897,5.2877607
3898,5.6367826
3899,5.698616
3900,5.589333
3901,5.3291497
3902,5.7278533
3903,5.9715347
3904,5.050932
3905,6.578313
3906,5.4890614
3907,5.609269
3908,5.519723
3909,5.7770743
3910,5.6458116
3911,5.573921
3912,5.8876987
3913,5.4819407
3914,5.4796886
3915,5.6300163
3916,6.3570776
3917,5.572488
3918,2.4455078
3919,4.079402
3920,3.4541879
3921,2.6366727
3922,3.4620178
3923,3.2393985
3924,4.7446666
3925,4.1205316
3926,4.877397
3927,4.8267326
3928,3.1943362
3929,4.6967506
3930,4.1811013
3931,2.370812
3932,2.7582233
3933,3.3738737
3934,4.044125
3935,3.029731
3936,5.162988
3937,5.6270013
3938,4.9077573
3939,5.722958
3940,5.658245
3941,5.7101336
3942,5.5617304
3943,5.582119
3944,3.795394
3945,5.795326
3946,5.659288
3947,5.4085164
3948,5.608345
3949,5.276918
3950,5.8240256
3951,6.0126004
3952,5.267473
3953,5.3822217
3954,5.346652
3955,5.7421327
3956,5.705801
3957,5.6472135
3958,5.75058
3959,5.616707
3960,5.485552
3961,5.550231
3962,2.7156992
3963,4.7544255
3964,5.082908
3965,3.2551417
3966,4.0858502
3967,4.1704144
3968,5.363485
3969,5.611399
3970,5.5445614
3971,5.4786935
3972,5.3837967
3973,5.3776894
3974,5.8140793
3975,6.127409
3976,5.72837
3977,5.6349444
3978,5.61281
3979,5.577793
3980,5.628718
3981,5.533786
3982,5.6473765
3983,5.618308
3984,5.605277
3985,5.6111593
3986,5.665276
3987,5.3912315
3988,5.5819116
3989,3.5761395
3990,2.9109006
3991,3.5365124
3992,4.2599325
3993,3.437734
3994,3.853237
3995,4.6382875
3996,3.2766187
3997,2.979954
3998,3.2858107
3999,3.159486
4000,3.8517003
4001,2.899775
4002,4.8979635
4003,3.4088252
4004,4.169075
4005,3.0579796
4006,5.5244713
4007,5.509042
4008,4.7477202
4009,5.8624525
4010,1.952889
4011,5.7303147
4012,4.2003236
4013,5.6556315
4014,5.6139374
4015,4.1773
4016,5.0165796
4017,5.497589
4018,5.4250836
4019,5.443896
4020,5.709757
4021,5.7245927
4022,5.9794483
4023,6.0243444
4024,5.5616302
4025,5.777886
4026,5.5848236
4027,5.5784717
4028,5.487817
4029,5.3916802
4030,5.187351
4031,5.4813843
4032,4.3145385
4033,4.633035
4034,1.8348036
4035,3.1117053
4036,4.8575397
4037,4.3405285
4038,3.9077458
4039,5.292587
4040,5.3010592
4041,3.5032423
4042,5.548293
4043,5.419015
4044,5.698005
4045,6.4568353
4046,5.911607
4047,5.772062
4048,5.8566437
4049,5.6891046
4050,5.61282
4051,5.9394
4052,3.3169465
4053,5.543745
4054,4.906305
4055,5.4109163
4056,4.607336
4057,5.7692666
4058,4.0331874
4059,4.72511
4060,4.6567283
4061,3.2160654
4062,4.153927
4063,4.051334
4064,4.109584
4065,4.7955637
4066,1.8412423
4067,3.2344034
4068,4.8295555
4069,4.1237297
4070,3.5046475
4071,5.74062
4072,4.71232
4073,4.1485047
4074,3.5369654
4075,5.418211
4076,5.590159
4077,4.2947764
4078,5.546173
4079,5.3960714
4080,5.33946
4081,5.74879
4082,6.315984
4083,6.001741
4084,6.1526213
4085,5.6913495
4086,6.1165133
4087,5.667231
4088,6.1396775
4089,5.5064054
4090,5.732403
4091,5.608966
4092,5.938183
4093,6.145971
4094,6.205911
4095,5.542117
4096,5.426022
4097,5.690563
4098,5.5637374
4099,5.392829
4100,5.44672
4101,5.132312
4102,5.0337396
4103,5.3420396
4104,4.9408712
4105,2.8805056
4106,4.5935464
4107,4.070788
4108,2.946336
4109,5.5627894
4110,5.125501
4111,5.577891
4112,5.6759953
4113,6.257205
4114,5.4424286
4115,5.5861764
4116,5.553071
4117,5.5497303
4118,5.2919526
4119,5.656489
4120,5.7573237
4121,4.8534927
4122,5.9182253
4123,5.7695913
4124,5.807665
4125,5.1685877
4126,5.336901
4127,5.6052113
4128,3.4358325
4129,3.917295
4130,4.762832
4131,3.4320123
4132,4.5566583
4133,3.3946338
4134,3.3663516
4135,4.2221665
4136,4.0066624
4137,5.9942737
4138,2.7425554
4139,5.628277
4140,5.8188715
4141,5.3659453
4142,5.565898
4143,4.0249467
4144,4.268276
4145,3.3407407
4146,3.5436528
4147,5.1119685
4148,5.5691977
4149,5.4472947
4150,5.4599504
4151,6.3893876
4152,5.605816
4153,5.7929006
4154,5.569461
4155,5.3288026
4156,5.790422
4157,5.570749
4158,5.462163
4159,5.773598
4160,2.6597853
4161,5.4332323
4162,2.5924134
4163,5.480589
4164,3.9564488
4165,4.3822527
4166,2.873683
4167,2.530683
4168,6.0085974
4169,5.349133
4170,4.0437403
4171,5.612265
4172,4.75239
4173,3.50413
4174,3.5144804
4175,4.708738
4176,2.7280507
4177,3.909892
4178,4.039085
4179,5.201176
4180,5.5154743
4181,5.5283747
4182,5.240849
4183,3.4858575
4184,5.3840632
4185,5.429433
4186,5.6385074
4187,5.937542
4188,5.097481
4189,2.7908602
4190,5.4189224
4191,6.003483
4192,5.57251
4193,3.1688027
4194,5.632889
4195,5.5042896
4196,5.38725
4197,5.220381
4198,5.372746
4199,5.257197
4200,3.2035081
4201,4.001546
4202,3.244709
4203,4.0793095
4204,2.5750759
4205,3.1864805
4206,3.0949373
4207,4.593537
4208,4.1108637
4209,4.7383714
4210,3.836941
4211,4.4971094
4212,1.9671332
4213,4.0549946
4214,3.5273075
4215,3.9157195
4216,2.786594
4217,2.8824842
4218,4.233748
4219,3.1988294
4220,5.457389
4221,4.956538
4222,4.859237
4223,5.6779065
4224,3.5542185
4225,3.4505596
4226,5.683763
4227,5.6600304
4228,4.76604
4229,5.485366
4230,5.732764
4231,5.648549
4232,5.6343594
4233,5.6238327
4234,5.4139743
4235,4.6137958
4236,5.3243494
4237,3.9684649
4238,5.5429463
4239,5.374464
4240,3.9213765
4241,4.967616
4242,3.4657648
4243,4.7098947
4244,4.7171197
4245,4.7040834
4246,4.668147
4247,4.0800233
4248,4.2419486
4249,5.192872
4250,5.239539
4251,4.248891
4252,5.5021286
4253,5.7772846
4254,5.1479735
4255,5.420922
4256,5.3938975
4257,5.372239
4258,5.2791643
4259,5.440348
4260,5.3541136
4261,5.8823066
4262,5.626055
4263,5.592597
4264,5.400258
4265,5.2952313
4266,5.461954
4267,5.5341706
4268,5.4003897
4269,5.292336
4270,3.2123613
4271,3.1155066
4272,3.429454
4273,3.1590037
4274,3.199469
4275,4.0510545
4276,3.050517
4277,3.9983134
4278,3.1806722
4279,3.9899235
4280,4.0962787
4281,3.78978
4282,4.6794877
4283,3.2660208
4284,3.514557
4285,2.9540977
4286,3.583736
4287,2.5883665
4288,3.3169522
4289,5.6463294
4290,5.723191
4291,3.4183369
4292,5.842174
4293,5.476917
4294,3.3485518
4295,5.557722
4296,5.9821177
4297,6.0932918
4298,5.9005136
4299,5.8635864
4300,5.9319425
4301,5.4405537
4302,4.7114263
4303,5.5684366
4304,2.6790357
4305,4.119647
4306,2.8249156
4307,5.880408
4308,2.7390027
4309,5.9137216
4310,5.29601
4311,4.0271316
4312,5.5108542
4313,3.8932743
4314,5.210338
4315,5.2285533
4316,4.681341
4317,4.15666
4318,3.3223965
4319,5.1650553
4320,5.684597
4321,5.79874
4322,4.989389
4323,5.8347917
4324,6.0174375
4325,6.271797
4326,5.310119
4327,5.2430453
4328,5.4954877
4329,3.9997468
4330,5.4605074
4331,5.4079223
4332,5.4111824
4333,5.5507774
4334,2.5709085
4335,5.468026
4336,4.027185
4337,5.02054
4338,4.3527293
4339,5.403846
4340,3.9216616
4341,3.5026188
4342,2.6792593
4343,4.18389
4344,1.946521
4345,4.6839967
4346,4.229557
4347,3.9304595
4348,4.0343294
4349,3.926342
4350,3.3926528
4351,4.004014
4352,3.9869382
4353,2.8787518
4354,3.453077
4355,4.1854825
4356,5.4151306
4357,2.2474236
4358,3.441459
4359,2.766578
4360,5.1348443
4361,5.411424
4362,5.643179
4363,5.87777
4364,5.8223286
4365,6.0060887
4366,5.3900423
4367,5.5894303
4368,5.484134
4369,6.382824
4370,5.8452725
4371,5.9254375
4372,3.342731
4373,5.410311
4374,3.2974062
4375,4.610731
4376,5.5308995
4377,5.7844443
4378,5.4761405
4379,5.3223143
4380,5.359841
4381,1.920174
4382,5.8249617
4383,5.430713
4384,5.176548
4385,4.0039845
4386,2.6337254
4387,4.570279
4388,5.710738
4389,5.4248238
4390,5.605872
4391,5.6728473
4392,4.7470965
4393,6.395076
4394,5.654652
4395,5.4698634
4396,6.073813
4397,2.5448403
4398,3.1965032
4399,5.5426908
4400,4.074427
4401,4.2947598
4402,5.4975657
4403,5.5233874
4404,5.3563147
4405,5.38511
4406,5.5247593
4407,3.058503
4408,4.311553
4409,5.7078733
4410,4.0982165
4411,3.9842148
4412,4.7557564
4413,2.7536504
4414,4.7542157
4415,4.528999
4416,3.3074117
4417,3.9378352
4418,3.5239303
4419,3.2968564
4420,3.5439885
4421,2.1182833
4422,3.4413812
4423,5.2660794
4424,4.98061
4425,4.139672
4426,2.6856165
4427,4.887808
4428,4.65634
4429,3.735456
4430,5.9269905
4431,4.6253705
4432,5.6341033
4433,5.8741875
4434,3.7052822
4435,5.466146
4436,6.968258
4437,5.65041
4438,5.975863
4439,5.438024
4440,5.478538
4441,6.0918283
4442,3.371939
4443,2.4521458
4444,5.5139656
4445,5.5251446
4446,5.671705
4447,5.7295833
4448,2.6852212
4449,4.0653167
4450,3.9468546
4451,5.4193163
4452,5.434862
4453,3.1087036
4454,4.6203704
4455,5.430137
4456,5.559534
4457,4.800524
4458,3.4420314
4459,5.891255
4460,6.1392846
4461,6.0241823
4462,5.424688
4463,5.559765
4464,5.566503
4465,5.46134
4466,5.6552715
4467,5.6217113
4468,5.601039
4469,5.490504
4470,2.3411021
4471,4.5066724
4472,5.6651115
4473,5.393614
4474,5.5774183
4475,5.3607197
4476,2.1902516
4477,5.102661
4478,5.5329337
4479,5.4025674
4480,3.33447
4481,4.5991077
4482,3.3302774
4483,2.9125485
4484,3.26616
4485,4.030857
4486,4.6391273
4487,3.815544
4488,2.5929615
4489,5.197524
4490,3.2189274
4491,4.916848
4492,3.8181016
4493,3.3924143
4494,4.680748
4495,3.3123584
4496,3.9308531
4497,1.9918015
4498,4.6752234
4499,6.4198523
4500,6.1025076
4501,6.055142
4502,6.538337
4503,5.3589225
4504,5.835514
4505,6.0576034
4506,5.6231375
4507,5.9537563
4508,5.770471
4509,5.6470857
4510,4.8435593
4511,5.5856338
4512,4.621432
4513,4.123508
4514,3.208682
4515,2.2681153
4516,5.005959
4517,3.9445236
4518,5.313115
4519,3.8613033
4520,3.4618812
4521,3.28313
4522,4.1473036
4523,5.4436274
4524,5.6248517
4525,3.9007683
4526,2.555734
4527,3.7776923
4528,2.3499784
4529,5.0208797
4530,5.6539116
4531,5.7098126
4532,5.1162663
4533,5.786929
4534,6.31745
4535,5.3562894
4536,6.372351
4537,3.2071571
4538,3.4709039
4539,3.141471
4540,5.505147
4541,3.3163817
4542,3.3751366
4543,5.14736
4544,5.6225996
4545,4.119166
4546,4.209735
4547,5.3850327
4548,5.789111
4549,2.721799
4550,2.8444831
4551,4.8877506
4552,1.9495349
4553,4.5531664
4554,1.9083664
4555,4.7612395
4556,3.887326
4557,3.563099
4558,3.3188033
4559,4.203186
4560,2.7495174
4561,4.923825
4562,5.3524146
4563,4.925269
4564,2.728488
4565,5.255486
4566,4.741154
4567,3.2811716
4568,4.855538
4569,4.0515637
4570,5.41105
4571,2.760314
4572,5.5341015
4573,5.6602325
4574,5.944668
4575,5.3576107
4576,5.8166423
4577,3.5287273
4578,5.2771425
4579,6.1795177
4580,5.453856
4581,5.6816874
4582,5.4787335
4583,5.537706
4584,3.1976554
4585,4.0369787
4586,5.9832735
4587,3.972775
4588,4.617605
4589,3.326514
4590,4.8346896
4591,5.8051553
4592,3.2764382
4593,5.430714
4594,2.7001822
4595,3.4549942
4596,5.377867
4597,3.9533405
4598,3.8777437
4599,4.2646847
4600,5.669564
4601,4.012018
4602,5.46058
4603,3.5221124
4604,2.3084853
4605,5.5973406
4606,3.4310515
4607,4.05042
4608,4.7071652
4609,5.6110296
4610,3.5085518
4611,4.1144853
4612,5.434287
4613,5.505413
4614,5.7549706
4615,5.664672
4616,5.535698
4617,5.457831
4618,5.75139
4619,5.8366737
4620,6.134202
4621,4.5943036
4622,5.0342274
4623,5.4286942
4624,5.768271
4625,3.9791071
4626,3.3463154
4627,4.645084
4628,3.3092227
4629,3.9387648
4630,4.6430054
4631,5.1668673
4632,3.5745773
4633,5.4270887
4634,3.325758
4635,4.612119
4636,2.5314507
4637,2.6204913
4638,3.7992258
4639,5.883766
4640,5.690918
4641,5.475146
4642,5.873322
4643,5.5590873
4644,5.710715
4645,5.376488
4646,5.6837873
4647,5.629054
4648,5.837258
4649,5.4705563
4650,5.9738927
4651,5.531006
4652,2.5753093
4653,5.7483177
4654,3.90424
4655,5.289753
4656,4.253708
4657,5.5403085
4658,5.9805107
4659,5.5103307
4660,4.2179966
4661,6.6181717
4662,5.6724954
4663,5.6812134
4664,5.4818873
4665,5.711869
4666,5.471491
4667,5.274242
4668,4.65463
4669,2.5968308
4670,3.3344936
4671,3.3547287
4672,3.4652767
4673,4.578449
4674,3.2850213
4675,4.2058916
4676,5.177177
4677,2.6155517
4678,5.621744
4679,3.4770932
4680,4.5460496
4681,3.8293602
4682,4.0875025
4683,5.50898
4684,5.577067
4685,5.551098
4686,5.5016522
4687,5.3860917
4688,5.625136
4689,5.4042273
4690,2.6947641
4691,4.0695796
4692,2.5270488
4693,4.661492
4694,3.7843266
4695,3.0863228
4696,4.6741676
4697,2.783688
4698,3.0819197
4699,4.153121
4700,3.539877
4701,4.211856
4702,3.2377527
4703,3.943715
4704,3.5101519
4705,2.5764234
4706,4.6291103
4707,5.086027
4708,6.241908
4709,6.2890015
4710,6.33563
4711,3.6996393
4712,3.0102239
4713,5.877865
4714,5.706736
4715,5.526202
4716,5.506599
4717,5.5882726
4718,5.5179667
4719,6.068282
4720,5.680059
4721,5.663856
4722,5.838631
4723,6.1817517
4724,6.230741
4725,3.860448
4726,6.0337615
4727,5.558257
4728,5.5520477
4729,6.564538
4730,6.1094317
4731,5.259906
4732,6.3876185
4733,5.3947935
4734,5.637675
4735,5.57397
4736,5.241137
4737,5.5152106
4738,4.0843596
4739,3.182427
4740,3.854211
4741,5.450143
4742,4.070864
4743,3.8737168
4744,3.3532329
4745,4.6826897
4746,5.3845296
4747,5.446091
4748,2.7927268
4749,4.963929
4750,2.5941215
4751,5.1968994
4752,5.4890227
4753,5.1045656
4754,5.6248145
4755,2.8524303
4756,5.530049
4757,5.4988756
4758,5.6718254
4759,5.994798
4760,3.9938104
4761,5.4132266
4762,2.5810382
4763,3.9919522
4764,3.7857938
4765,5.394329
4766,5.2932434
4767,4.069352
4768,3.6196175
4769,4.253105
4770,3.9887927
4771,3.821301
4772,4.014629
4773,3.3814003
4774,2.0853581
4775,4.9535832
4776,4.8944926
4777,3.838406
4778,5.979496
4779,5.4285264
4780,6.9626045
4781,5.1649203
4782,5.4454594
4783,5.6703963
4784,5.431164
4785,5.832268
4786,3.9032748
4787,5.8359404
4788,5.461342
4789,6.015802
4790,5.7189384
4791,6.5802073
4792,6.2353344
4793,6.3357115
4794,5.869441
4795,5.408549
4796,5.7681355
4797,6.2817435
4798,5.1388707
4799,6.7636814
4800,5.72405
4801,6.3803153
4802,6.1566086
4803,5.9651914
4804,5.759223
4805,5.74136
4806,5.7837977
4807,5.874507
4808,2.5192952
4809,4.7537513
4810,4.1642523
4811,5.5236664
4812,2.5991921
4813,5.7184234
4814,5.4077444
4815,5.264399
4816,5.9703603
4817,5.5093
4818,5.4333134
4819,4.427429
4820,2.691693
4821,5.383028
4822,5.116968
4823,5.4388437
4824,5.4277887
4825,5.812351
4826,5.61119
4827,5.557943
4828,6.164417
4829,5.763259
4830,4.7419524
4831,3.4739692
4832,5.2739577
4833,4.174692
4834,3.8781931
4835,3.2356813
4836,3.3156202
4837,3.1097054
4838,3.234616
4839,3.1778364
4840,4.229257
4841,4.8617034
4842,3.523591
4843,4.7867584
4844,4.8286805
4845,3.3028703
4846,6.020895
4847,5.7324963
4848,5.9537272
4849,4.765305
4850,5.7023673
4851,5.6161304
4852,5.2698727
4853,5.7614193
4854,5.825108
4855,5.8910313
4856,5.7870216
4857,5.5763526
4858,5.808839
4859,5.8325305
4860,6.4600873
4861,5.748641
4862,5.590829
4863,5.8738923
4864,5.872198
4865,5.671146
4866,5.3894286
4867,5.4930787
4868,5.1593204
4869,5.8845024
4870,6.3145256
4871,5.669408
4872,6.314743
4873,5.9408693
4874,5.8867364
4875,5.4142447
4876,5.603296
4877,5.7281027
4878,3.1987927
4879,2.670117
4880,5.7328887
4881,5.5033884
4882,5.363178
4883,5.8485446
4884,4.4620023
4885,5.5700183
4886,5.6573606
4887,5.928069
4888,6.025873
4889,5.3249145
4890,6.4311795
4891,6.134864
4892,5.6285067
4893,5.7950163
4894,6.0737214
4895,5.3871913
4896,5.3924313
4897,5.539708
4898,6.027739
4899,5.758948